<?xml version="1.0" encoding="UTF-8"?>
<beans xmlns="http://www.springframework.org/schema/beans"
       xmlns:xsi="http://www.w3.org/2001/XMLSchema-instance"
       xmlns:context="http://www.springframework.org/schema/context"
       xmlns:aop="http://www.springframework.org/schema/aop"
       xmlns:tx="http://www.springframework.org/schema/tx"
       xsi:schemaLocation="http://www.springframework.org/schema/beans
    http://www.springframework.org/schema/beans/spring-beans.xsd
    http://www.springframework.org/schema/context
    http://www.springframework.org/schema/context/spring-context.xsd
    http://www.springframework.org/schema/aop
    http://www.springframework.org/schema/aop/spring-aop.xsd
    http://www.springframework.org/schema/tx
    http://www.springframework.org/schema/tx/spring-tx.xsd">

    <!--开启注解的扫描，希望处理service和dao，controller不需要Spring框架去处理-->
    <context:component-scan base-package="com.csh"/>

    <!-- 扫描数据文件 -->
    <context:property-placeholder location="classpath:database.properties"/>

    <!-- Spring 整合MyBatis，配置数据源链接池 -->
    <bean id="dataSource" class="com.alibaba.druid.pool.DruidDataSource">
        <!-- 数据库驱动 -->
        <property name="driverClassName" value="${database.driver}"/>
        <property name="url" value="${database.url}"/>
        <property name="username" value="${database.user}"/>
        <property name="password" value="${database.password}"/>

        <!-- 初始化链接大小 -->
        <property name="initialSize" value="${database.initialSize}"/>
        <!-- 链接池最小空闲 -->
        <property name="minIdle" value="${database.minIdle}"/>
        <!-- 最大链接数 -->
        <property name="maxActive" value="${database.maxActive}"/>
        <!-- 获取链接最大等待时间 -->
        <property name="maxWait" value="${database.maxWait}"/>

        <property name="validationQuery" value="${database.validationQuery}"/>
        <property name="testOnBorrow" value="${database.testOnBorrow}"/>
        <property name="testOnReturn" value="${database.testOnReturn}"/>
        <property name="testWhileIdle" value="${database.testWhileIdle}"/>

        <!-- 配置间隔多久进行一次检测，检测需要关闭的空闲链接，单位是毫秒 -->
        <property name="timeBetweenEvictionRunsMillis" value="${database.timeBetweenEvictionRunsMillis}"/>
        <!-- 配置一个连接池最小生存的时间，单位是毫秒 -->
        <property name="minEvictableIdleTimeMillis" value="${database.minEvictableIdleTimeMillis}"/>
        <property name="maxEvictableIdleTimeMillis" value="${database.maxEvictableIdleTimeMillis}"/>
        <!-- 打开removeAbandoned功能，当一个连接超过 removeAbandonedTimeout 时间是否强制收回-->
        <property name="removeAbandoned" value="${database.removeAbandoned}"/>
        <!-- 超时时间，单位秒，1800秒，也就是30分钟 -->
        <property name="removeAbandonedTimeout" value="${database.removeAbandonedTimeout}"/>
        <!-- 关闭abanded链接时输出错误日志 -->
        <property name="logAbandoned" value="${database.logAbandoned}"/>

    </bean>

    <!-- 配置SqlSessionFactory -->
    <bean id="sqlSessionFactory" class="org.mybatis.spring.SqlSessionFactoryBean">
        <property name="dataSource" ref="dataSource"/>
    </bean>

    <!-- 配置要扫描的dao接口 -->
    <bean id="mapperScanner" class="org.mybatis.spring.mapper.MapperScannerConfigurer">
        <property name="basePackage" value="com.csh.dao"/>
    </bean>

    <!-- 配置事务声明管理 -->
    <bean id="transactionManager" class="org.springframework.jdbc.datasource.DataSourceTransactionManager">
        <property name="dataSource" ref="dataSource"/>
    </bean>

    <!-- 配置事务管理 -->
    <tx:advice id="txAdvice" transaction-manager="transactionManager">
        <tx:attributes>
            <!-- 只读 -->
            <tx:method name="find*" read-only="true"/>
            <!-- 默认的隔离级别 -->
            <tx:method name="*" isolation="DEFAULT"/>
        </tx:attributes>
    </tx:advice>


</beans>